INSERT INTO Musical_genres(name) VALUES('Blues')
INSERT INTO Musical_genres(name) VALUES('Rock')
INSERT INTO Musical_genres(name) VALUES('Classical')
INSERT INTO Musical_genres(name) VALUES('Hip-Hop')
INSERT INTO Musical_genres(name) VALUES('Jazz')
INSERT INTO Musical_genres(name) VALUES('Disco')
INSERT INTO Musical_genres(name) VALUES('R&B')

INSERT INTO Musicians(name,genre) VALUES('BB King','Blues')
INSERT INTO Musicians(name,genre) VALUES('Mick Jagger','Rock')
INSERT INTO Musicians(name,genre) VALUES('Mozart','Classical')
INSERT INTO Musicians(name,genre) VALUES('Eminem','Hip-Hop')
INSERT INTO Musicians(name,genre) VALUES('Louis Armstrong','Jazz')
INSERT INTO Musicians(name,genre) VALUES('Sting','Jazz')
INSERT INTO Musicians(name,genre) VALUES('2Pac','Hip-Hop')
INSERT INTO Musicians(name,genre) VALUES('ABBA','Disco')
INSERT INTO Musicians(name,genre) VALUES('James Brown','R&B')
INSERT INTO Musicians(name,genre) VALUES('Michael Jackson','R&B')

INSERT INTO Music_albums(name,date,musician) VALUES('Deuces Wild','1997/01/01','BB King')
INSERT INTO Music_albums(name,date,musician) VALUES('She is the Boss','1985/02/19','Mick Jagger')
INSERT INTO Music_albums(name,date,musician) VALUES('Requiem','1957/01/01','Mozart')
INSERT INTO Music_albums(name,date,musician) VALUES('The Marshall Mathers','2000/01/01','Eminem')
INSERT INTO Music_albums(name,date,musician) VALUES('What Wonderful World','1967/10/01','Louis Armstrong')
INSERT INTO Music_albums(name,date,musician) VALUES('The Summoner`s Tales','1993/02/28','Sting')
INSERT INTO Music_albums(name,date,musician) VALUES('All Eyes on Me','1996/02/13','2Pac')
INSERT INTO Music_albums(name,date,musician) VALUES('Voulez-Vous','1979/04/23','ABBA')
INSERT INTO Music_albums(name,date,musician) VALUES('Black Caesar','1973/01/01','James Brown')
INSERT INTO Music_albums(name,date,musician) VALUES('Off the Wall','1979/07/17','Michael Jackson')

INSERT INTO Music_tracks(name,duration,album,album_id) VALUES('Dangerous Mood','00:04:53','1')
INSERT INTO Music_tracks(name,duration,album,album_id) VALUES('Lucky in Love','00:04:51','2')
INSERT INTO Music_tracks(name,duration,album,album_id) VALUES('Requiem D Minor','00:07:03','3')
INSERT INTO Music_tracks(name,duration,album,album_id) VALUES('Stan','00:05:31','4')
INSERT INTO Music_tracks(name,duration,album,album_id) VALUES('Real Slim Shady','00:04:28','4')
INSERT INTO Music_tracks(name,duration,album,album_id) VALUES('Whats Wonderful World','00:02:17','5')
INSERT INTO Music_tracks(name,duration,album,album_id) VALUES('Shape Of My Heart','00:04:39','6')
INSERT INTO Music_tracks(name,duration,album,album_id) VALUES('Fields of Gold','00:03:37','6')
INSERT INTO Music_tracks(name,duration,album,album_id) VALUES('Life Goes ON','00:05:01','7')
INSERT INTO Music_tracks(name,duration,album,album_id) VALUES('Chiquitita','00:05:19','8')
INSERT INTO Music_tracks(name,duration,album,album_id) VALUES('I Have a Dream','00:04:44','8')
INSERT INTO Music_tracks(name,duration,album,album_id) VALUES('Sport in Life','00:03:50','9')
INSERT INTO Music_tracks(name,duration,album,album_id) VALUES('The Boss','00:03:14','9')
INSERT INTO Music_tracks(name,duration,album,album_id) VALUES('Rock With You','00:04:02','10')
INSERT INTO Music_tracks(name,duration,album,album_id) VALUES('I cant Help It','00:04:23','10')

INSERT INTO Collections(name,date,tracks) VALUES('The best old','1968/01/01','Whats Wonderful World')
INSERT INTO Collections(name,date,tracks) VALUES('The best old','1968/01/01','Requiem D Minor')
INSERT INTO Collections(name,date,tracks) VALUES('The best 70','1979/12/07','I Have a Dream')
INSERT INTO Collections(name,date,tracks) VALUES('The best 70','1979/12/07','Sport in Life')
INSERT INTO Collections(name,date,tracks) VALUES('The best 70','1979/12/07','Rock With You')
INSERT INTO Collections(name,date,tracks) VALUES('The best 80','1989/12/11','Lucky in Love')
INSERT INTO Collections(name,date,tracks) VALUES('The best 80','1989/12/11','I cant Help It')
INSERT INTO Collections(name,date,tracks) VALUES('The best 90','1999/12/13','Shape Of My Heart')
INSERT INTO Collections(name,date,tracks) VALUES('The best 90','1999/12/13','Dangerous Mood')
INSERT INTO Collections(name,date,tracks) VALUES('The best 00','2000/12/13','Real Slim Shady')
INSERT INTO Collections(name,date,tracks) VALUES('The best 00','2000/12/13','Stan')
INSERT INTO Collections(name,date,tracks) VALUES('The best of best','2011/12/23','Stan')
INSERT INTO Collections(name,date,tracks) VALUES('The best of best','2011/12/23','Requiem D Minor')
INSERT INTO Collections(name,date,tracks) VALUES('The best of best','2011/12/23','Shape Of My Heart')
INSERT INTO Collections(name,date,tracks) VALUES('The not best','2010/12/03','Life Goes ON')
INSERT INTO Collections(name,date,tracks) VALUES('The not best','2010/12/03','The Boss')
INSERT INTO Collections(name,date,tracks) VALUES('The not best','2012/11/05','Chiquitita')
INSERT INTO Collections(name,date,tracks) VALUES('The not best','2012/11/05','Fields of Gold')
INSERT INTO Collections(name,date,tracks) VALUES('The not best','2012/11/05','Real Slim Shady')


